<?xml version="1.0" encoding="UTF-8"?>
<root>
  <item name="com.kale.lib.utils.EasyToast void makeText(android.content.Context, int, int) 2">
    <annotation name="android.support.annotation.IntDef">
      <val name="value" val="{android.widget.Toast.LENGTH_SHORT, android.widget.Toast.LENGTH_LONG}" />
    </annotation>
  </item>
  <item name="com.kale.lib.utils.EasyToast void makeText(android.content.Context, java.lang.String, int) 2">
    <annotation name="android.support.annotation.IntDef">
      <val name="value" val="{android.widget.Toast.LENGTH_SHORT, android.widget.Toast.LENGTH_LONG}" />
    </annotation>
  </item>
  <item name="com.kale.lib.utils.EasyToast void makeTextInThread(android.content.Context, int, int) 2">
    <annotation name="android.support.annotation.IntDef">
      <val name="value" val="{android.widget.Toast.LENGTH_SHORT, android.widget.Toast.LENGTH_LONG}" />
    </annotation>
  </item>
  <item name="com.kale.lib.utils.EasyToast void makeTextInThread(android.content.Context, java.lang.String, int) 2">
    <annotation name="android.support.annotation.IntDef">
      <val name="value" val="{android.widget.Toast.LENGTH_SHORT, android.widget.Toast.LENGTH_LONG}" />
    </annotation>
  </item>
</root>

